group,replicate,fastq_1,fastq_2
HNES1_d0,1,/scratch/data/raw/atacseq/lane1_C0A-1_ATCACGTT_merged_L001_R1.fastq.gz,/scratch/data/raw/atacseq/lane1_C0A-1_ATCACGTT_merged_L001_R2.fastq.gz
HNES1_d0,1,/scratch/data/raw/atacseq/lane1_C0A-2_CGATGTTT_merged_L001_R1.fastq.gz,/scratch/data/raw/atacseq/lane1_C0A-2_CGATGTTT_merged_L001_R2.fastq.gz
HNES1_d10,1,/scratch/data/raw/atacseq/lane1_C10A-1_TCGAAGTG_merged_L001_R1.fastq.gz,/scratch/data/raw/atacseq/lane1_C10A-1_TCGAAGTG_merged_L001_R2.fastq.gz
HNES1_d10,1,/scratch/data/raw/atacseq/lane1_C10A-2_TAACGCTG_merged_L001_R1.fastq.gz,/scratch/data/raw/atacseq/lane1_C10A-2_TAACGCTG_merged_L001_R2.fastq.gz
HNES1_d3,1,/scratch/data/raw/atacseq/lane1_C3A-1_TTAGGCAT_merged_L001_R1.fastq.gz,/scratch/data/raw/atacseq/lane1_C3A-1_TTAGGCAT_merged_L001_R2.fastq.gz
HNES1_d3,1,/scratch/data/raw/atacseq/lane1_C3A-2_TCCGTCTT_merged_L001_R1.fastq.gz,/scratch/data/raw/atacseq/lane1_C3A-2_TCCGTCTT_merged_L001_R2.fastq.gz
HNES1_d0,2,/scratch/data/raw/atacseq/lane1_D0A-1_TGACCACT_merged_L001_R1.fastq.gz,/scratch/data/raw/atacseq/lane1_D0A-1_TGACCACT_merged_L001_R2.fastq.gz
HNES1_d0,2,/scratch/data/raw/atacseq/lane1_D0A-2_ACAGTGGT_merged_L001_R1.fastq.gz,/scratch/data/raw/atacseq/lane1_D0A-2_ACAGTGGT_merged_L001_R2.fastq.gz
HNES1_d10,2,/scratch/data/raw/atacseq/lane1_D10A-1_GGCTACAG_merged_L001_R1.fastq.gz,/scratch/data/raw/atacseq/lane1_D10A-1_GGCTACAG_merged_L001_R2.fastq.gz
HNES1_d10,2,/scratch/data/raw/atacseq/lane1_D10A-2_CAGATCTG_merged_L001_R1.fastq.gz,/scratch/data/raw/atacseq/lane1_D10A-2_CAGATCTG_merged_L001_R2.fastq.gz
HNES1_d3,2,/scratch/data/raw/atacseq/lane1_D3A-1_GCCAATGT_merged_L001_R1.fastq.gz,/scratch/data/raw/atacseq/lane1_D3A-1_GCCAATGT_merged_L001_R2.fastq.gz
HNES1_d3,2,/scratch/data/raw/atacseq/lane1_D3A-2_TAGCTTGT_merged_L001_R1.fastq.gz,/scratch/data/raw/atacseq/lane1_D3A-2_TAGCTTGT_merged_L001_R2.fastq.gz
H9_EOS,1,/scratch/data/raw/atacseq/lane1_H9-1-A_1_TTGGTATG_merged_L001_R1.fastq.gz,/scratch/data/raw/atacseq/lane1_H9-1-A_1_TTGGTATG_merged_L001_R2.fastq.gz
H9_EOS,1,/scratch/data/raw/atacseq/lane1_H9-1-A_3_TGAACTGG_merged_L001_R1.fastq.gz,/scratch/data/raw/atacseq/lane1_H9-1-A_3_TGAACTGG_merged_L001_R2.fastq.gz
H9_EOS,2,/scratch/data/raw/atacseq/lane1_H9-4_1_TAGTCTTG_merged_L001_R1.fastq.gz,/scratch/data/raw/atacseq/lane1_H9-4_1_TAGTCTTG_merged_L001_R2.fastq.gz
H9_EOS,2,/scratch/data/raw/atacseq/lane1_H9-4_2_TTCCATTG_merged_L001_R1.fastq.gz,/scratch/data/raw/atacseq/lane1_H9-4_2_TTCCATTG_merged_L001_R2.fastq.gz
cR_H9_EOS_d0,1,/scratch/data/raw/atacseq/lane1_W0A-1_TCGAGCGT_merged_L001_R1.fastq.gz,/scratch/data/raw/atacseq/lane1_W0A-1_TCGAGCGT_merged_L001_R2.fastq.gz
cR_H9_EOS_d0,1,/scratch/data/raw/atacseq/lane1_W0A-2_TGATACGT_merged_L001_R1.fastq.gz,/scratch/data/raw/atacseq/lane1_W0A-2_TGATACGT_merged_L001_R2.fastq.gz
cR_H9_EOS_d10,1,/scratch/data/raw/atacseq/lane1_W10A-1_TGCGATCT_merged_L001_R1.fastq.gz,/scratch/data/raw/atacseq/lane1_W10A-1_TGCGATCT_merged_L001_R2.fastq.gz
cR_H9_EOS_d10,1,/scratch/data/raw/atacseq/lane1_W10A-2_TTCCTGCT_merged_L001_R1.fastq.gz,/scratch/data/raw/atacseq/lane1_W10A-2_TTCCTGCT_merged_L001_R2.fastq.gz
cR_H9_EOS_d20E,1,/scratch/data/raw/atacseq/lane1_W27E-1_CTTGTACT_merged_L001_R1.fastq.gz,/scratch/data/raw/atacseq/lane1_W27E-1_CTTGTACT_merged_L001_R2.fastq.gz
cR_H9_EOS_d20E,1,/scratch/data/raw/atacseq/lane1_W27E-2_TGGTTGTT_merged_L001_R1.fastq.gz,/scratch/data/raw/atacseq/lane1_W27E-2_TGGTTGTT_merged_L001_R2.fastq.gz
cR_H9_EOS_d20X,1,/scratch/data/raw/atacseq/lane1_W28X-1_ACTTGATG_merged_L001_R1.fastq.gz,/scratch/data/raw/atacseq/lane1_W28X-1_ACTTGATG_merged_L001_R2.fastq.gz
cR_H9_EOS_d20X,1,/scratch/data/raw/atacseq/lane1_W28X-2_GATCAGCG_merged_L001_R1.fastq.gz,/scratch/data/raw/atacseq/lane1_W28X-2_GATCAGCG_merged_L001_R2.fastq.gz
cR_H9_EOS_d3,1,/scratch/data/raw/atacseq/lane1_W3A-1_TGCATAGT_merged_L001_R1.fastq.gz,/scratch/data/raw/atacseq/lane1_W3A-1_TGCATAGT_merged_L001_R2.fastq.gz
cR_H9_EOS_d3,1,/scratch/data/raw/atacseq/lane1_W3A-2_TTGACTCT_merged_L001_R1.fastq.gz,/scratch/data/raw/atacseq/lane1_W3A-2_TTGACTCT_merged_L001_R2.fastq.gz
cR_H9_EOS_d0,2,/scratch/data/raw/atacseq/lane1_Z0A-1_TCTCGGTT_merged_L001_R1.fastq.gz,/scratch/data/raw/atacseq/lane1_Z0A-1_TCTCGGTT_merged_L001_R2.fastq.gz
cR_H9_EOS_d0,2,/scratch/data/raw/atacseq/lane1_Z0A-2_TAAGCGTT_merged_L001_R1.fastq.gz,/scratch/data/raw/atacseq/lane1_Z0A-2_TAAGCGTT_merged_L001_R2.fastq.gz
cR_H9_EOS_d10,2,/scratch/data/raw/atacseq/lane1_Z10A-1_TTCTGTGT_merged_L001_R1.fastq.gz,/scratch/data/raw/atacseq/lane1_Z10A-1_TTCTGTGT_merged_L001_R2.fastq.gz
cR_H9_EOS_d10,2,/scratch/data/raw/atacseq/lane1_Z10A-2_TCTGCTGT_merged_L001_R1.fastq.gz,/scratch/data/raw/atacseq/lane1_Z10A-2_TCTGCTGT_merged_L001_R2.fastq.gz
cR_H9_EOS_d20E,2,/scratch/data/raw/atacseq/lane1_Z23E_-1_TCCTCAAT_merged_L001_R1.fastq.gz,/scratch/data/raw/atacseq/lane1_Z23E_-1_TCCTCAAT_merged_L001_R2.fastq.gz
cR_H9_EOS_d20E,2,/scratch/data/raw/atacseq/lane1_Z23E_-2_TGTGGTTG_merged_L001_R1.fastq.gz,/scratch/data/raw/atacseq/lane1_Z23E_-2_TGTGGTTG_merged_L001_R2.fastq.gz
cR_H9_EOS_d20X,2,/scratch/data/raw/atacseq/lane1_Z23X-1_TAGTGACT_merged_L001_R1.fastq.gz,/scratch/data/raw/atacseq/lane1_Z23X-1_TAGTGACT_merged_L001_R2.fastq.gz
cR_H9_EOS_d20X,2,/scratch/data/raw/atacseq/lane1_Z23X-2_TACAGGAT_merged_L001_R1.fastq.gz,/scratch/data/raw/atacseq/lane1_Z23X-2_TACAGGAT_merged_L001_R2.fastq.gz
cR_H9_EOS_d3,2,/scratch/data/raw/atacseq/lane1_Z3A-1_TTGGAGGT_merged_L001_R1.fastq.gz,/scratch/data/raw/atacseq/lane1_Z3A-1_TTGGAGGT_merged_L001_R2.fastq.gz
cR_H9_EOS_d3,2,/scratch/data/raw/atacseq/lane1_Z3A-2_TGTACCTT_merged_L001_R1.fastq.gz,/scratch/data/raw/atacseq/lane1_Z3A-2_TGTACCTT_merged_L001_R2.fastq.gz
